Delivery_ID,Order_date,Scheduled_delivery_date,Route_ID,Driver_ID,Vehicle_ID,Volume
1,2025-02-11,2025-02-15,2,4,18,758.78
2,2025-02-09,2025-02-11,4,8,43,598.8
3,2025-01-11,2025-01-12,32,27,38,84.64
4,2025-03-10,2025-03-12,9,22,46,399.93
5,2025-03-12,2025-03-14,17,17,36,781.33
6,2025-02-24,2025-02-26,35,25,44,486.55
7,2025-01-26,2025-01-29,26,22,40,616.28
8,2025-02-26,2025-03-03,29,4,30,121.93
9,2025-01-09,2025-01-12,2,19,44,381.28
10,2025-03-17,2025-03-19,1,3,22,719.98
11,2025-01-08,2025-01-10,5,29,48,73.58
12,2025-02-12,2025-02-13,33,8,4,130.31
13,2025-03-04,2025-03-06,35,5,30,259.87
14,2025-03-15,2025-03-20,31,8,3,413.26
15,2025-02-22,2025-02-24,7,4,13,385.14
16,2025-02-15,2025-02-19,27,15,16,178.44
17,2025-01-07,2025-01-08,4,13,14,145.99
18,2025-01-14,2025-01-16,13,7,43,385.21
19,2025-01-18,2025-01-22,12,9,31,340.01
20,2025-01-10,2025-01-14,36,4,50,52.56
21,2025-03-11,2025-03-12,6,30,48,615.75
22,2025-01-31,2025-02-02,27,16,19,256.96
23,2025-02-21,2025-02-22,11,13,24,51.99
24,2025-02-19,2025-02-22,30,10,16,112.89
25,2025-03-13,2025-03-17,10,7,3,187.37
26,2025-01-08,2025-01-13,35,2,16,161.21
27,2025-01-08,2025-01-09,38,16,1,254.19
28,2025-03-09,2025-03-11,4,17,43,100.07
29,2025-01-24,2025-01-25,5,22,16,178.14
30,2025-02-21,2025-02-22,37,8,27,454.46
31,2025-01-06,2025-01-11,6,14,12,673.05
32,2025-03-14,2025-03-19,21,30,43,212.99
33,2025-03-27,2025-03-30,16,9,49,258.71
34,2025-03-27,2025-03-30,30,11,30,319.55
35,2025-01-10,2025-01-11,30,20,41,882.18
36,2025-01-13,2025-01-14,35,7,1,255.42
37,2025-01-17,2025-01-20,5,29,11,110.43
38,2025-02-06,2025-02-08,29,27,44,374.88
39,2025-02-08,2025-02-13,34,1,25,600.79
40,2025-03-12,2025-03-15,7,29,11,83.22
41,2025-01-15,2025-01-16,36,5,33,170.18
42,2025-03-19,2025-03-21,22,7,45,178.95
43,2025-02-03,2025-02-08,32,9,27,682.51
44,2025-01-07,2025-01-08,28,27,45,101.89
45,2025-01-01,2025-01-04,9,21,11,292.39
46,2025-01-21,2025-01-25,36,23,13,267.51
47,2025-01-02,2025-01-03,5,29,7,247.96
48,2025-01-20,2025-01-25,3,27,26,72.27
49,2025-03-12,2025-03-14,28,5,22,89.59
50,2025-02-16,2025-02-17,23,7,47,415.21
51,2025-03-27,2025-03-28,23,25,1,277.35
52,2025-02-22,2025-02-27,10,30,9,847.88
53,2025-01-21,2025-01-23,27,1,28,169.01
54,2025-02-12,2025-02-16,16,9,11,89.38
55,2025-03-31,2025-04-01,25,28,34,67.75
56,2025-03-02,2025-03-04,13,27,27,691.68
57,2025-02-14,2025-02-17,15,8,44,64.15
58,2025-01-25,2025-01-29,22,9,6,529.91
59,2025-02-05,2025-02-08,33,13,27,524.75
60,2025-03-10,2025-03-13,2,4,36,785.19
61,2025-02-03,2025-02-05,38,9,48,78.72
62,2025-03-18,2025-03-22,23,24,28,571.83
63,2025-02-25,2025-03-02,33,4,10,207.72
64,2025-03-15,2025-03-17,17,2,42,275.82
65,2025-01-01,2025-01-06,35,22,2,678.13
66,2025-03-27,2025-03-29,24,14,40,110.97
67,2025-03-27,2025-03-30,21,22,13,481.28
68,2025-02-08,2025-02-13,20,22,44,294.25
69,2025-02-21,2025-02-24,36,5,12,231.82
70,2025-03-27,2025-03-31,12,20,22,588.66
71,2025-02-21,2025-02-26,1,10,14,87.82
72,2025-02-25,2025-03-02,21,15,18,387.03
73,2025-03-28,2025-03-30,33,16,5,265.86
74,2025-01-22,2025-01-23,19,17,31,466.15
75,2025-03-21,2025-03-24,6,27,15,137.96
76,2025-01-31,2025-02-03,15,26,18,201.91
77,2025-01-04,2025-01-05,16,16,21,290.51
78,2025-01-10,2025-01-14,27,29,9,590.36
79,2025-01-25,2025-01-29,32,13,9,259.35
80,2025-03-25,2025-03-26,7,25,39,139.62
81,2025-01-23,2025-01-28,30,2,38,329.0
82,2025-01-16,2025-01-20,9,26,14,111.25
83,2025-03-09,2025-03-14,21,25,18,730.04
84,2025-03-20,2025-03-25,28,27,36,810.19
85,2025-02-27,2025-03-01,31,15,24,289.49
86,2025-02-01,2025-02-04,34,16,49,380.5
87,2025-02-05,2025-02-09,5,23,46,260.37
88,2025-02-04,2025-02-07,21,29,39,163.86
89,2025-01-18,2025-01-20,15,13,49,415.93
90,2025-04-01,2025-04-03,5,14,48,356.01
91,2025-03-11,2025-03-15,27,2,19,138.93
92,2025-02-23,2025-02-27,38,23,30,55.67
93,2025-03-15,2025-03-19,31,1,48,757.77
94,2025-02-08,2025-02-12,27,18,38,424.15
95,2025-03-11,2025-03-16,15,16,9,238.27
96,2025-02-25,2025-03-01,2,13,17,256.62
97,2025-03-28,2025-04-01,11,27,23,295.94
98,2025-01-17,2025-01-22,35,1,13,511.24
99,2025-03-17,2025-03-22,2,3,6,406.87
100,2025-01-18,2025-01-22,12,2,16,88.68
101,2025-02-11,2025-02-13,30,11,32,100.76
102,2025-02-18,2025-02-21,27,9,11,256.55
103,2025-03-02,2025-03-03,35,2,49,577.27
104,2025-02-14,2025-02-16,5,25,10,441.97
105,2025-01-06,2025-01-07,16,7,39,226.9
106,2025-03-21,2025-03-23,16,5,30,187.4
107,2025-01-15,2025-01-20,14,15,14,142.2
108,2025-02-17,2025-02-19,8,25,43,562.1
109,2025-02-09,2025-02-10,38,1,22,929.2
110,2025-03-15,2025-03-19,26,23,24,233.25
111,2025-03-17,2025-03-19,7,23,27,589.69
112,2025-03-29,2025-04-03,8,26,38,542.44
113,2025-01-06,2025-01-09,35,14,33,341.92
114,2025-01-09,2025-01-14,22,1,6,521.71
115,2025-03-04,2025-03-05,28,12,37,232.44
116,2025-02-28,2025-03-02,28,6,33,373.82
117,2025-03-25,2025-03-28,35,25,24,496.74
118,2025-02-25,2025-03-02,18,11,18,699.75
119,2025-01-12,2025-01-15,29,8,30,267.74
120,2025-03-14,2025-03-19,25,11,42,59.14
121,2025-02-11,2025-02-13,32,7,16,102.76
122,2025-02-03,2025-02-06,18,29,3,326.0
123,2025-02-05,2025-02-10,1,17,1,434.98
124,2025-01-11,2025-01-13,27,16,22,575.48
125,2025-01-31,2025-02-04,32,15,29,472.85
126,2025-01-12,2025-01-15,15,13,10,333.26
127,2025-02-09,2025-02-14,24,16,3,306.24
128,2025-02-14,2025-02-18,36,11,15,82.51
129,2025-02-28,2025-03-03,20,9,7,116.04
130,2025-01-25,2025-01-28,8,24,16,129.67
131,2025-03-30,2025-04-01,13,7,45,188.53
132,2025-02-05,2025-02-10,34,20,25,283.39
133,2025-01-13,2025-01-15,19,8,37,153.59
134,2025-02-08,2025-02-09,35,5,24,303.46
135,2025-01-07,2025-01-12,19,23,28,676.44
136,2025-03-23,2025-03-27,7,28,27,58.57
137,2025-02-06,2025-02-10,31,15,30,148.85
138,2025-01-07,2025-01-10,31,4,24,809.61
139,2025-02-21,2025-02-25,5,19,49,381.92
140,2025-01-07,2025-01-09,10,26,33,298.38
141,2025-02-08,2025-02-09,16,4,44,383.77
142,2025-02-23,2025-02-28,15,25,9,498.39
143,2025-02-27,2025-03-03,20,28,39,174.06
144,2025-02-24,2025-02-27,37,20,35,104.72
145,2025-01-13,2025-01-15,14,9,16,148.19
146,2025-01-21,2025-01-23,12,18,14,59.9
147,2025-01-01,2025-01-05,29,23,29,366.66
148,2025-02-07,2025-02-08,15,10,21,328.16
149,2025-03-31,2025-04-04,5,22,44,189.6
150,2025-02-03,2025-02-08,13,14,6,113.73
151,2025-01-29,2025-01-31,18,27,26,58.58
152,2025-01-08,2025-01-10,20,20,14,148.73
153,2025-03-14,2025-03-17,29,4,8,320.03
154,2025-02-08,2025-02-12,18,17,3,300.0
155,2025-02-26,2025-02-27,3,29,23,277.33
156,2025-02-11,2025-02-16,17,1,42,79.1
157,2025-03-28,2025-04-02,38,1,21,443.29
158,2025-03-28,2025-03-31,37,2,46,611.85
159,2025-01-23,2025-01-27,34,21,29,285.83
160,2025-02-05,2025-02-07,38,14,33,330.12
161,2025-03-04,2025-03-05,31,12,3,239.05
162,2025-02-11,2025-02-12,11,11,5,161.95
163,2025-03-05,2025-03-08,26,27,30,270.65
164,2025-01-05,2025-01-09,6,11,38,176.33
165,2025-01-15,2025-01-19,33,27,22,985.26
166,2025-03-26,2025-03-31,30,14,18,91.35
167,2025-03-08,2025-03-11,32,21,44,314.37
168,2025-01-07,2025-01-09,18,18,35,169.02
169,2025-02-06,2025-02-10,32,4,45,55.41
170,2025-03-22,2025-03-27,16,23,27,160.65
171,2025-03-12,2025-03-13,36,14,10,88.17
172,2025-01-15,2025-01-19,8,21,6,512.03
173,2025-03-05,2025-03-08,33,23,12,309.15
174,2025-03-03,2025-03-07,16,15,23,340.08
175,2025-02-19,2025-02-21,33,24,16,180.74
176,2025-01-09,2025-01-12,27,11,20,150.12
177,2025-03-06,2025-03-09,1,10,9,672.98
178,2025-03-17,2025-03-22,32,28,30,93.11
179,2025-03-10,2025-03-14,23,11,29,344.32
180,2025-03-11,2025-03-15,30,30,12,354.97
181,2025-01-25,2025-01-27,37,13,2,253.92
182,2025-02-22,2025-02-23,21,24,30,187.23
183,2025-02-18,2025-02-22,10,16,29,564.51
184,2025-01-17,2025-01-22,38,11,13,492.3
185,2025-02-26,2025-02-27,34,30,16,117.94
186,2025-01-19,2025-01-23,10,3,44,330.79
187,2025-02-03,2025-02-06,26,21,20,58.61
188,2025-02-12,2025-02-17,25,11,7,229.56
189,2025-03-04,2025-03-09,3,20,19,79.42
190,2025-03-22,2025-03-25,15,24,27,113.14
191,2025-01-13,2025-01-14,29,6,10,334.17
192,2025-01-04,2025-01-05,21,26,16,58.34
193,2025-02-15,2025-02-18,28,5,11,110.41
194,2025-02-22,2025-02-27,12,6,25,194.38
195,2025-03-20,2025-03-24,16,16,25,802.81
196,2025-01-19,2025-01-21,30,21,25,259.46
197,2025-02-02,2025-02-03,30,29,44,222.02
198,2025-03-11,2025-03-13,5,15,42,351.15
199,2025-03-17,2025-03-20,28,23,27,224.73
200,2025-02-08,2025-02-10,25,28,17,347.03
